{
  "ic2177": {
    "ra": 106.14228572782613,
    "dec": -10.464875150460475,
    "pixscale": 1.140511450152598,
    "radius": 0.7274460659178373,
    "width_arcsec": 4313.414304477125,
    "height_arcsec": 2971.0323276475174,
    "fieldw": 71.89023840795208,
    "fieldh": 49.517205460791956,
    "orientation": 91.07761184907463
  },
  "ic4628": {
    "ra": 254.25432165896424,
    "dec": -40.342675795898266,
    "pixscale": 1.6017515110670077,
    "radius": 1.0403251196764884,
    "width_arcsec": 6272.458917338402,
    "height_arcsec": 4094.076862287272,
    "fieldw": 104.54098195564004,
    "fieldh": 68.23461437145453,
    "orientation": 84.05275695555679
  },
  "m007": {
    "ra": 268.5069111691752,
    "dec": -34.79741973574703,
    "pixscale": 1.6895711186753937,
    "radius": 0.8555285827807009,
    "width_arcsec": 5134.606629654521,
    "height_arcsec": 3402.7962330122427,
    "fieldw": 85.57677716090869,
    "fieldh": 56.713270550204044,
    "orientation": 267.03267094107025
  },
  "m042b": {
    "ra": 83.76351436011424,
    "dec": -5.288978554507448,
    "pixscale": 1.3183298064210134,
    "radius": 1.0391786292828833,
    "width_arcsec": 6234.381654564972,
    "height_arcsec": 4136.91893254914,
    "fieldw": 103.90636090941621,
    "fieldh": 68.94864887581899,
    "orientation": 95.72715236224292
  },
  "m046": {
    "ra": 115.44178051225134,
    "dec": -14.818123570326962,
    "pixscale": 0.6083689237160479,
    "radius": 0.4843053787394638,
    "width_arcsec": 2901.9197661255484,
    "height_arcsec": 1933.3964395696003,
    "fieldw": 48.36532943542581,
    "fieldh": 32.22327399282667,
    "orientation": 266.0896230685812
  },
  "m047": {
    "ra": 114.13952807589085,
    "dec": -14.450120101229624,
    "pixscale": 0.6089288266106263,
    "radius": 0.4772181421568103,
    "width_arcsec": 2895.456570533528,
    "height_arcsec": 1849.9257752430826,
    "fieldw": 48.25760950889214,
    "fieldh": 30.832096254051375,
    "orientation": 89.61621640758904
  },
  "m078": {
    "ra": 86.70828630141254,
    "dec": 0.11033075393028657,
    "pixscale": 0.6994376146369352,
    "radius": 0.38145732428159235,
    "width_arcsec": 2217.9166760137214,
    "height_arcsec": 1619.897515499142,
    "fieldw": 36.96527793356202,
    "fieldh": 26.9982919249857,
    "orientation": 275.26194664820923
  },
  "n70b": {
    "ra": 86.23126762170611,
    "dec": -67.66893316305975,
    "pixscale": 0.6847949218791276,
    "radius": 0.7117041951478883,
    "width_arcsec": 4270.38113283824,
    "height_arcsec": 2832.311796892072,
    "fieldw": 71.17301888063733,
    "fieldh": 47.205196614867866,
    "orientation": 258.51783406028517
  },
  "ngc0055": {
    "ra": 3.747484281824952,
    "dec": -39.21053017049427,
    "pixscale": 1.690547682818463,
    "radius": 0.6639249114075555,
    "width_arcsec": 3861.2109075573694,
    "height_arcsec": 2818.1429872583776,
    "fieldw": 64.35351512595615,
    "fieldh": 46.96904978763963,
    "orientation": 99.83416146127468
  },
  "ngc0253b": {
    "ra": 11.927503176347953,
    "dec": -25.285849174526707,
    "pixscale": 1.004848469897778,
    "radius": 0.5088134958385055,
    "width_arcsec": 3053.7345000193473,
    "height_arcsec": 2023.7648183741248,
    "fieldw": 50.89557500032245,
    "fieldh": 33.72941363956875,
    "orientation": 266.2155912306546
  },
  "ngc0300": {
    "ra": 13.725695062973953,
    "dec": -37.69443636150584,
    "pixscale": 1.6903000181095977,
    "radius": 0.8558976671554521,
    "width_arcsec": 5136.821755035067,
    "height_arcsec": 3404.26423647273,
    "fieldw": 85.61369591725112,
    "fieldh": 56.737737274545495,
    "orientation": 88.75432315078763
  },
  "ngc1935": {
    "ra": 80.56828133222076,
    "dec": -67.96697559790915,
    "pixscale": 1.1397683564768282,
    "radius": 0.6859339624876225,
    "width_arcsec": 4053.016275631601,
    "height_arcsec": 2822.0664506366265,
    "fieldw": 67.55027126052669,
    "fieldh": 47.03444084394378,
    "orientation": 271.16853277050143
  },
  "ngc1968": {
    "ra": 82.68550231890613,
    "dec": -67.46846750089745,
    "pixscale": 0.6849232011612078,
    "radius": 0.675725447818294,
    "width_arcsec": 4062.279506087123,
    "height_arcsec": 2677.364793339161,
    "fieldw": 67.70465843478539,
    "fieldh": 44.62274655565269,
    "orientation": 180.0221844204607
  },
  "ngc1970": {
    "ra": 81.7786167727914,
    "dec": -68.87932838217975,
    "pixscale": 0.6992655897771356,
    "radius": 0.3972364726793606,
    "width_arcsec": 2315.967633341873,
    "height_arcsec": 1678.2374154651254,
    "fieldw": 38.59946055569788,
    "fieldh": 27.970623591085424,
    "orientation": 283.4822225953683
  },
  "ngc2018": {
    "ra": 82.71090842508126,
    "dec": -71.12385825213556,
    "pixscale": 1.1401891718419321,
    "radius": 0.7255796651690182,
    "width_arcsec": 4337.27960968671,
    "height_arcsec": 2912.0431448842946,
    "fieldw": 72.28799349477849,
    "fieldh": 48.53405241473824,
    "orientation": 91.37127334285572
  },
  "ngc2070a": {
    "ra": 84.67965209769784,
    "dec": -69.09151977339056,
    "pixscale": 1.140787401175022,
    "radius": 0.7250835764660089,
    "width_arcsec": 4355.526297686234,
    "height_arcsec": 2878.2066131645806,
    "fieldw": 72.59210496143723,
    "fieldh": 47.970110219409676,
    "orientation": 89.55819995732458
  },
  "ngc2264": {
    "ra": 100.27340304046197,
    "dec": 9.894611729206307,
    "pixscale": 0.6995871647968225,
    "radius": 0.39090726169702,
    "width_arcsec": 2283.4525058968284,
    "height_arcsec": 1645.4290116021264,
    "fieldw": 38.05754176494714,
    "fieldh": 27.42381686003544,
    "orientation": 283.6836320529138
  },
  "ngc2477": {
    "ra": 118.0781750301797,
    "dec": -38.550281704295394,
    "pixscale": 0.6085607017064432,
    "radius": 0.4844580478003766,
    "width_arcsec": 2902.834547139734,
    "height_arcsec": 1934.0059100230765,
    "fieldw": 48.38057578566223,
    "fieldh": 32.233431833717944,
    "orientation": 89.76029844798586
  },
  "ngc2736": {
    "ra": 134.89474871405324,
    "dec": -46.0572415581569,
    "pixscale": 0.671214386422211,
    "radius": 0.6747836254764278,
    "width_arcsec": 4018.5605315097773,
    "height_arcsec": 2730.5001239655544,
    "fieldw": 66.97600885849629,
    "fieldh": 45.50833539942591,
    "orientation": 90.1714466359993
  },
  "ngc2808": {
    "ra": 138.0038465409848,
    "dec": -64.86803248223414,
    "pixscale": 0.6087114470295444,
    "radius": 0.4830329372898049,
    "width_arcsec": 2899.9013336487496,
    "height_arcsec": 1919.875903931183,
    "fieldw": 48.33168889414583,
    "fieldh": 31.997931732186384,
    "orientation": 269.68169931441776
  },
  "ngc2997": {
    "ra": 146.41066493032005,
    "dec": -31.1911795255297,
    "pixscale": 0.6710103565479392,
    "radius": 0.6954208398770011,
    "width_arcsec": 4180.3945212936615,
    "height_arcsec": 2755.8395343423863,
    "fieldw": 69.67324202156102,
    "fieldh": 45.93065890570644,
    "orientation": 179.3671863609543
  },
  "ngc3132": {
    "ra": 151.7370698643331,
    "dec": -40.44116281748576,
    "pixscale": 0.6991302661094977,
    "radius": 0.40456364913847864,
    "width_arcsec": 2332.2985677412844,
    "height_arcsec": 1745.0291442093062,
    "fieldw": 38.871642795688075,
    "fieldh": 29.083819070155105,
    "orientation": 103.54711781536486
  },
  "ngc3199": {
    "ra": 154.2019423897199,
    "dec": -57.98567740508734,
    "pixscale": 0.6708996863358767,
    "radius": 0.6706453135530195,
    "width_arcsec": 4009.296525543199,
    "height_arcsec": 2690.9786418932017,
    "fieldw": 66.82160875905332,
    "fieldh": 44.84964403155336,
    "orientation": 179.81261946383768
  },
  "ngc3247": {
    "ra": 156.06110034951126,
    "dec": -57.76521877680187,
    "pixscale": 0.6709912572424788,
    "radius": 0.6935310954949506,
    "width_arcsec": 4157.461829874398,
    "height_arcsec": 2765.8259623534973,
    "fieldw": 69.29103049790663,
    "fieldh": 46.09709937255829,
    "orientation": 179.97672672455747
  },